Abbr,AtomicVolume,AtomicWeight,BoilingT,Column,CovalentRadius,Density,DipolePolarizability,ElectronAffinity,Electronegativity,FirstIonizationEnergy,FusionEnthalpy,GSbandgap,GSmagmom,HeatCapacityMass,HeatCapacityMolar,HeatFusion,MeltingT,MendeleevNumber,NdUnfilled,NdValence,NfUnfilled,NfValence,NpUnfilled,NpValence,NsUnfilled,NsValence,Number,NUnfilled,NValence,Polarizability,Row,SpaceGroupNumber
H,18618.0519408073,1.00794,20.13,1.0,31.0,0.0899,0.666793,72.8,2.2,13.598443,0.06,7.853,0.0,14.304,28.836,0.06,14.01,92.0,0.0,0.0,0.0,0.0,0.0,0.0,1.0,1.0,1.0,1.0,1.0,0.666793,1.0,194.0
He,37236.0355633452,4.002602,4.07,18.0,28.0,0.1785,0.2050522,0.0,0.0,24.587387,0.0,18.098,0.0,5.13,20.786,0.0,0.0,98.0,0.0,0.0,0.0,0.0,0.0,0.0,0.0,2.0,2.0,0.0,2.0,0.2050522,1.0,225.0
Li,21.5440580798753,6.941,1615.0,1.0,128.0,535.0,24.335,59.6,0.98,5.391719,3.0,0.0,0.0,3.582,24.86,3.0,453.69,1.0,0.0,0.0,0.0,0.0,0.0,0.0,1.0,1.0,3.0,1.0,1.0,24.335,2.0,229.0
Be,8.09817645544979,9.012182,2743.0,2.0,96.0,1848.0,5.6,0.0,1.57,9.3227,7.895,0.0,0.0,1.825,16.443,7.895,1560.0,67.0,0.0,0.0,0.0,0.0,0.0,0.0,0.0,2.0,4.0,0.0,2.0,5.6,2.0,194.0
B,7.29776726528474,10.811,4273.0,13.0,84.0,2460.0,3.03,26.7,2.04,8.29802,50.2,1.524,0.0,1.026,11.087,50.2,2348.0,72.0,0.0,0.0,0.0,0.0,5.0,1.0,0.0,2.0,5.0,5.0,3.0,3.03,2.0,166.0
C,8.82508971529172,12.0107,4300.0,14.0,76.0,2260.0,1.67,153.9,2.55,11.2603,117.4,4.496,0.0,0.709,8.517,117.4,3823.0,77.0,0.0,0.0,0.0,0.0,4.0,2.0,0.0,2.0,6.0,4.0,4.0,1.67,2.0,194.0
N,18592.4989666188,14.0067,77.21,15.0,71.0,1.251,1.1,7.0,3.04,14.5341,0.355,6.437,0.0,1.04,29.124,0.355,63.05,82.0,0.0,0.0,0.0,0.0,3.0,3.0,0.0,2.0,7.0,3.0,5.0,1.1,2.0,194.0
O,18592.1971664894,15.9994,90.1,16.0,66.0,1.429,0.802,141.0,3.44,13.61805,0.22,0.0,0.0,0.918,29.378,0.22,54.8,87.0,0.0,0.0,0.0,0.0,2.0,4.0,0.0,2.0,8.0,2.0,6.0,0.802,2.0,12.0
F,18601.6085673286,18.9984032,84.88,17.0,57.0,1.696,0.557,328.0,3.98,17.4228,0.255,1.97,0.0,0.824,31.304,0.255,53.5,93.0,0.0,0.0,0.0,0.0,1.0,5.0,0.0,2.0,9.0,1.0,7.0,0.557,2.0,15.0
Ne,37232.1856895088,20.1791,26.92,18.0,58.0,0.9,0.39432,0.0,0.0,21.56454,0.164,13.088,0.0,1.03,20.786,0.164,24.56,99.0,0.0,0.0,0.0,0.0,0.0,6.0,0.0,2.0,10.0,0.0,8.0,0.39432,2.0,225.0
Na,39.4383288822527,22.98976928,1156.0,1.0,166.0,968.0,24.11,52.8,0.93,5.139076,2.6,0.0,0.0,1.228,28.23,2.6,370.87,2.0,0.0,0.0,0.0,0.0,0.0,0.0,1.0,1.0,11.0,1.0,1.0,24.11,3.0,229.0
Mg,23.2222930956267,24.305,1363.0,2.0,141.0,1738.0,10.76666667,0.0,1.31,7.646235,8.48,0.0,0.0,1.023,24.869,8.48,923.0,68.0,0.0,0.0,0.0,0.0,0.0,0.0,0.0,2.0,12.0,0.0,2.0,10.7666666667,3.0,194.0
Al,16.5944245175099,26.9815386,2792.0,13.0,121.0,2700.0,6.8,42.5,1.61,5.985768,10.71,0.0,0.0,0.897,24.2,10.71,933.47,73.0,0.0,0.0,0.0,0.0,5.0,1.0,0.0,2.0,13.0,5.0,3.0,6.8,3.0,225.0
Si,20.0163777166128,28.0855,3173.0,14.0,111.0,2330.0,5.53,133.6,1.9,8.15168,50.21,0.773,0.0,0.712,19.99,50.21,1687.0,78.0,0.0,0.0,0.0,0.0,4.0,2.0,0.0,2.0,14.0,4.0,4.0,5.53,3.0,227.0
P,28.2141218166412,30.973762,553.5,15.0,107.0,1823.0,3.63,72.0,2.19,10.48669,18.54,1.625,0.0,0.769,23.824,18.54,317.3,83.0,0.0,0.0,0.0,0.0,3.0,3.0,0.0,2.0,15.0,3.0,5.0,3.63,3.0,2.0
S,27.1665457946712,32.065,717.72,16.0,105.0,1960.0,2.9,200.0,2.58,10.36001,1.721,2.202,0.0,0.708,22.7,1.721,388.36,88.0,0.0,0.0,0.0,0.0,2.0,4.0,0.0,2.0,16.0,2.0,6.0,2.9,3.0,70.0
Cl,18317.5070375642,35.453,238.96,17.0,102.0,3.214,2.18,349.0,3.16,12.96763,3.2,2.493,0.0,0.479,33.949,3.2,171.6,94.0,0.0,0.0,0.0,0.0,1.0,5.0,0.0,2.0,17.0,1.0,7.0,2.18,3.0,64.0
Ar,37184.285422807,39.948,87.2,18.0,106.0,1.784,1.6411,0.0,0.0,15.75961,1.18,9.26,0.0,0.52,20.786,1.18,83.8,100.0,0.0,0.0,0.0,0.0,0.0,6.0,0.0,2.0,18.0,0.0,8.0,1.6411,3.0,225.0
K,75.8478646830779,39.0983,1032.0,1.0,203.0,856.0,43.23,48.4,0.82,4.3406633,2.335,0.0,0.0,0.757,29.6,2.335,336.53,3.0,0.0,0.0,0.0,0.0,0.0,0.0,1.0,1.0,19.0,1.0,1.0,43.23,4.0,229.0
Ca,42.9371873024716,40.078,1757.0,2.0,176.0,1550.0,25.73333333,2.37,1.0,6.11316,8.54,0.0,0.0,0.647,25.929,8.54,1115.0,7.0,0.0,0.0,0.0,0.0,0.0,0.0,0.0,2.0,20.0,0.0,2.0,25.7333333333,4.0,225.0
Sc,25.0093109185916,44.955912,3103.0,3.0,170.0,2985.0,17.8,18.1,1.36,6.56149,14.1,0.0,6.35e-06,0.568,25.52,14.1,1814.0,11.0,9.0,1.0,0.0,0.0,0.0,0.0,0.0,2.0,21.0,9.0,3.0,17.8,4.0,194.0
Ti,17.6363171588061,47.867,3560.0,4.0,160.0,4507.0,14.6,7.6,1.54,6.82812,14.15,0.0,2.25333333333e-05,0.524,25.06,14.15,1941.0,43.0,8.0,2.0,0.0,0.0,0.0,0.0,0.0,2.0,22.0,8.0,4.0,14.6,4.0,194.0
V,13.8448982209802,50.9415,3680.0,5.0,153.0,6110.0,12.4,50.6,1.63,6.74619,21.5,0.0,0.0,0.489,24.89,21.5,2183.0,46.0,7.0,3.0,0.0,0.0,0.0,0.0,0.0,2.0,23.0,7.0,5.0,12.4,4.0,229.0
Cr,12.0929374738936,51.9961,2944.0,6.0,139.0,7140.0,11.6,64.3,1.66,6.76651,21.0,0.0,0.0,0.449,23.35,21.0,2180.0,49.0,5.0,5.0,0.0,0.0,0.0,0.0,1.0,1.0,24.0,6.0,6.0,11.6,4.0,229.0
Mn,12.2127044655985,54.938045,2334.0,7.0,139.0,7470.0,9.4,0.0,1.55,7.43402,12.91,0.0,0.000310120689655,0.479,26.32,12.91,1519.0,52.0,5.0,5.0,0.0,0.0,0.0,0.0,0.0,2.0,25.0,5.0,7.0,9.4,4.0,217.0
Fe,11.7773649695423,55.845,3134.0,8.0,132.0,7874.0,8.4,15.7,1.83,7.9024,13.81,0.0,2.1106628,0.449,25.1,13.81,1811.0,55.0,4.0,6.0,0.0,0.0,0.0,0.0,0.0,2.0,26.0,4.0,8.0,8.4,4.0,229.0
Co,10.9958606831132,58.933195,3200.0,9.0,126.0,8900.0,7.5,63.7,1.88,7.88101,16.2,0.0,1.5484712,0.421,24.81,16.2,1768.0,58.0,3.0,7.0,0.0,0.0,0.0,0.0,0.0,2.0,27.0,3.0,9.0,7.5,4.0,194.0
Ni,10.9412844417051,58.6934,3186.0,10.0,124.0,8908.0,6.8,112.0,1.91,7.6398,17.48,0.0,0.5953947,0.444,26.07,17.48,1728.0,61.0,2.0,8.0,0.0,0.0,0.0,0.0,0.0,2.0,28.0,2.0,10.0,6.8,4.0,225.0
Cu,11.8299419318999,63.546,3200.0,11.0,132.0,8920.0,6.15,118.4,1.9,7.72638,13.6,0.0,0.0,0.385,24.44,13.6,1357.77,64.0,0.0,10.0,0.0,0.0,0.0,0.0,1.0,1.0,29.0,1.0,11.0,6.15,4.0,225.0
Zn,15.2056837348025,65.38,1180.0,12.0,122.0,7140.0,-5.816666667,0.0,1.65,9.394199,7.068,0.0,0.0,0.388,25.39,7.068,692.68,69.0,0.0,10.0,0.0,0.0,0.0,0.0,0.0,2.0,30.0,0.0,12.0,-5.8166666667,4.0,194.0
Ga,19.6105134830824,69.723,2477.0,13.0,122.0,5904.0,8.12,28.9,1.81,5.999301,5.585,0.0,0.0,0.373,26.03,5.585,302.91,74.0,0.0,10.0,0.0,0.0,5.0,1.0,0.0,2.0,31.0,5.0,13.0,8.12,4.0,64.0
Ge,22.6609763823586,72.64,3093.0,14.0,120.0,5323.0,5.84,119.0,2.01,7.89943,36.94,0.383,0.0,0.32,23.222,36.94,1211.4,79.0,0.0,10.0,0.0,0.0,4.0,2.0,0.0,2.0,32.0,4.0,14.0,5.84,4.0,225.0
As,21.723965737178,74.9216,887.0,15.0,119.0,5727.0,4.31,78.0,2.18,9.7886,24.44,0.0,0.0,0.329,24.64,24.44,1090.0,84.0,0.0,10.0,0.0,0.0,3.0,3.0,0.0,2.0,33.0,3.0,15.0,4.31,4.0,166.0
Se,27.2088046258276,78.96,958.0,16.0,120.0,4819.0,3.77,195.0,2.55,9.75239,6.69,0.799,0.0,0.321,25.363,6.69,494.0,89.0,0.0,10.0,0.0,0.0,2.0,4.0,0.0,2.0,34.0,2.0,16.0,3.77,4.0,14.0
Br,42.5278253242385,79.904,332.0,17.0,120.0,3120.0,3.05,324.6,2.96,11.8138,5.285,1.457,0.0,0.474,75.69,5.285,265.8,95.0,0.0,10.0,0.0,0.0,1.0,5.0,0.0,2.0,35.0,1.0,17.0,3.05,4.0,64.0
Kr,37107.4947415034,83.798,119.78,18.0,116.0,3.75,2.4844,0.0,3.0,13.99961,1.164,7.535,0.0,0.248,20.786,1.164,115.79,101.0,0.0,10.0,0.0,0.0,0.0,6.0,0.0,2.0,36.0,0.0,18.0,2.4844,4.0,225.0
Rb,92.6409518449757,85.4678,961.0,1.0,220.0,1532.0,47.27,46.9,0.82,4.177128,2.19,0.0,0.0,0.363,31.06,2.19,312.46,4.0,0.0,0.0,0.0,0.0,0.0,0.0,1.0,1.0,37.0,1.0,1.0,47.27,5.0,229.0
Sr,55.3231307765064,87.62,1655.0,2.0,195.0,2630.0,25.55,5.03,0.95,5.69485,7.43,0.0,0.0,0.306,26.79,7.43,1050.0,8.0,0.0,0.0,0.0,0.0,0.0,0.0,0.0,2.0,38.0,0.0,2.0,25.55,5.0,225.0
Y,33.0132128825196,88.90585,3618.0,3.0,190.0,4472.0,22.7,29.6,1.22,6.2173,11.39,0.0,0.0,0.298,26.53,11.39,1799.0,12.0,9.0,1.0,0.0,0.0,0.0,0.0,0.0,2.0,39.0,9.0,3.0,22.7,5.0,194.0
Zr,23.2659432691915,91.224,4682.0,4.0,175.0,6511.0,17.9,41.1,1.33,6.6339,21.0,0.0,0.0,0.278,25.36,21.0,2128.0,44.0,8.0,2.0,0.0,0.0,0.0,0.0,0.0,2.0,40.0,8.0,4.0,17.9,5.0,194.0
Nb,18.0021329803168,92.90638,5017.0,5.0,164.0,8570.0,15.7,86.1,1.6,6.75885,30.0,0.0,0.0,0.265,24.6,30.0,2750.0,47.0,6.0,4.0,0.0,0.0,0.0,0.0,1.0,1.0,41.0,7.0,5.0,15.7,5.0,229.0
Mo,15.5008806878023,95.96,4912.0,6.0,154.0,10280.0,12.8,71.9,2.16,7.09243,37.48,0.0,0.0,0.251,24.06,37.48,2896.0,50.0,5.0,5.0,0.0,0.0,0.0,0.0,1.0,1.0,42.0,6.0,6.0,12.8,5.0,229.0
Tc,14.1510115085267,98.0,4538.0,7.0,147.0,11500.0,11.4,53.0,1.9,7.28,33.29,0.0,0.0,0.0,0.0,33.29,2430.0,53.0,5.0,5.0,0.0,0.0,0.0,0.0,0.0,2.0,43.0,5.0,7.0,11.4,5.0,194.0
Ru,13.5678744093001,101.07,4423.0,8.0,146.0,12370.0,9.6,101.3,2.2,7.3605,38.59,0.0,0.0,0.238,24.06,38.59,2607.0,56.0,3.0,7.0,0.0,0.0,0.0,0.0,1.0,1.0,44.0,4.0,8.0,9.6,5.0,194.0
Rh,13.7255098107475,102.9055,3968.0,9.0,142.0,12450.0,8.6,109.7,2.28,7.4589,26.59,0.0,0.0,0.243,24.98,26.59,2237.0,59.0,2.0,8.0,0.0,0.0,0.0,0.0,1.0,1.0,45.0,3.0,9.0,8.6,5.0,225.0
Pd,14.6983862685637,106.42,3236.0,10.0,139.0,12023.0,4.8,53.7,2.2,8.3369,16.74,0.0,0.0,0.244,25.98,16.74,1828.05,62.0,0.0,10.0,0.0,0.0,0.0,0.0,0.0,0.0,46.0,0.0,10.0,4.8,5.0,225.0
Ag,17.0756479498908,107.8682,2435.0,11.0,145.0,10490.0,6.99,125.6,1.93,7.57623,11.3,0.0,0.0,0.235,25.35,11.3,1234.93,65.0,0.0,10.0,0.0,0.0,0.0,0.0,1.0,1.0,47.0,1.0,11.0,6.99,5.0,225.0
Cd,21.580025455795,112.411,1040.0,12.0,144.0,8650.0,7.32,0.0,1.69,8.99382,6.21,0.0,0.0,0.231,26.02,6.21,594.22,70.0,0.0,10.0,0.0,0.0,0.0,0.0,0.0,2.0,48.0,0.0,12.0,7.32,5.0,194.0
In,26.0826581603887,114.818,2345.0,13.0,142.0,7310.0,9.65,28.9,1.78,5.78636,3.291,0.0,0.0,0.233,26.74,3.291,429.75,75.0,0.0,10.0,0.0,0.0,5.0,1.0,0.0,2.0,49.0,5.0,13.0,9.65,5.0,139.0
Sn,26.9667852620646,118.71,2875.0,14.0,139.0,7310.0,7.06,107.3,1.96,7.34392,7.15,0.0,0.0,0.227,26.99,7.15,505.08,80.0,0.0,10.0,0.0,0.0,4.0,2.0,0.0,2.0,50.0,4.0,14.0,7.06,5.0,141.0
Sb,30.1914234437891,121.76,1860.0,15.0,139.0,6697.0,6.6,103.2,2.05,8.60839,19.79,0.0,0.0,0.207,25.23,19.79,903.78,85.0,0.0,10.0,0.0,0.0,3.0,3.0,0.0,2.0,51.0,3.0,15.0,6.6,5.0,166.0
Te,33.9566887225472,127.6,1261.0,16.0,138.0,6240.0,5.5,190.2,2.1,9.0096,17.38,0.464,0.0,0.202,25.73,17.38,722.66,90.0,0.0,10.0,0.0,0.0,2.0,4.0,0.0,2.0,52.0,2.0,16.0,5.5,5.0,152.0
I,42.6588574686339,126.90447,457.3,17.0,139.0,4940.0,5.025,295.2,2.66,10.45126,7.76,1.062,0.0,0.214,54.43,7.76,386.85,96.0,0.0,10.0,0.0,0.0,1.0,5.0,0.0,2.0,53.0,1.0,17.0,5.025,5.0,64.0
Xe,36952.9240243401,131.293,165.0,18.0,140.0,5.9,4.044,0.0,2.6,12.12984,2.27,6.456,0.0,0.158,20.786,2.27,161.3,102.0,0.0,10.0,0.0,0.0,0.0,6.0,0.0,2.0,54.0,0.0,18.0,4.044,5.0,225.0
Cs,117.456015807924,132.9054519,944.0,1.0,244.0,1879.0,59.42,45.5,0.79,3.893905,2.09,0.0,0.0,0.242,32.21,2.09,301.59,5.0,0.0,0.0,0.0,0.0,0.0,0.0,1.0,1.0,55.0,1.0,1.0,59.42,6.0,229.0
Ba,64.9692816746952,137.327,2143.0,2.0,215.0,3510.0,39.7,13.95,0.89,5.211664,7.12,0.0,0.0,0.204,28.07,7.12,1000.0,9.0,0.0,0.0,0.0,0.0,0.0,0.0,0.0,2.0,56.0,0.0,2.0,39.7,6.0,229.0
La,37.5306461188031,138.90547,3737.0,3.0,207.0,6146.0,31.1,48.0,1.1,5.5769,6.2,0.0,0.0,0.195,27.11,6.2,1193.0,13.0,9.0,1.0,0.0,0.0,0.0,0.0,0.0,2.0,57.0,9.0,3.0,31.1,6.0,194.0
Ce,34.7845014783339,140.116,3633.0,3.0,204.0,6689.0,29.6,50.0,1.12,5.5387,5.46,0.0,0.0,0.192,26.94,5.46,1071.0,15.0,9.0,1.0,13.0,1.0,0.0,0.0,0.0,2.0,58.0,22.0,4.0,29.6,6.0,194.0
Pr,35.2391757331551,140.90765,3563.0,3.0,203.0,6640.0,28.2,50.0,1.13,5.473,6.89,0.0,0.0,0.193,27.2,6.89,1204.0,17.0,0.0,0.0,11.0,3.0,0.0,0.0,0.0,2.0,59.0,11.0,5.0,28.2,6.0,194.0
Nd,34.1690548824543,144.242,3373.0,3.0,201.0,7010.0,31.4,50.0,1.14,5.525,7.14,0.0,0.0,0.19,27.45,7.14,1294.0,19.0,0.0,0.0,10.0,4.0,0.0,0.0,0.0,2.0,60.0,10.0,6.0,31.4,6.0,194.0
Pm,33.1475485627589,145.0,3273.0,3.0,199.0,7264.0,30.1,50.0,1.155,5.582,0.0,0.0,0.0,0.0,0.0,0.0,1373.0,21.0,0.0,0.0,9.0,5.0,0.0,0.0,0.0,2.0,61.0,9.0,7.0,30.1,6.0,194.0
Sm,33.9568190130002,150.36,2076.0,3.0,198.0,7353.0,28.8,50.0,1.17,5.6437,8.62,0.0,0.0,0.196,29.54,8.62,1345.0,23.0,0.0,0.0,8.0,6.0,0.0,0.0,0.0,2.0,62.0,8.0,8.0,28.8,6.0,166.0
Eu,48.1212923577191,151.964,1800.0,3.0,198.0,5244.0,27.7,50.0,1.185,5.67038,9.21,0.0,0.0,0.182,27.66,9.21,1095.0,25.0,0.0,0.0,7.0,7.0,0.0,0.0,0.0,2.0,63.0,7.0,9.0,27.7,6.0,229.0
Gd,33.0497243138068,157.25,3523.0,3.0,196.0,7901.0,23.5,50.0,1.2,6.1498,9.67,0.0,0.0,0.235,37.03,9.67,1586.0,27.0,9.0,1.0,7.0,7.0,0.0,0.0,0.0,2.0,64.0,16.0,10.0,23.5,6.0,194.0
Tb,32.109492755383,158.92535,3503.0,3.0,194.0,8219.0,25.5,50.0,1.21,5.8638,10.15,0.0,0.0,0.182,28.91,10.15,1629.0,29.0,0.0,0.0,5.0,9.0,0.0,0.0,0.0,2.0,65.0,5.0,11.0,25.5,6.0,194.0
Dy,31.5569998455358,162.5,2840.0,3.0,192.0,8551.0,24.5,50.0,1.22,5.9389,11.35,0.0,0.0,0.173,28.16,11.35,1685.0,31.0,0.0,0.0,4.0,10.0,0.0,0.0,0.0,2.0,66.0,4.0,12.0,24.5,6.0,194.0
Ho,31.1403799107649,164.93032,2973.0,3.0,192.0,8795.0,23.6,50.0,1.23,6.0215,11.76,0.0,0.0,0.165,27.15,11.76,1747.0,33.0,0.0,0.0,3.0,11.0,0.0,0.0,0.0,2.0,67.0,3.0,13.0,23.6,6.0,194.0
Er,30.6360683670134,167.259,3141.0,3.0,189.0,9066.0,22.7,50.0,1.24,6.1077,19.9,0.0,0.0,0.168,28.12,19.9,1770.0,35.0,0.0,0.0,2.0,12.0,0.0,0.0,0.0,2.0,68.0,2.0,14.0,22.7,6.0,194.0
Tm,30.0963858478217,168.93421,2223.0,3.0,190.0,9321.0,21.8,50.0,1.25,6.18431,16.84,0.0,0.0,0.16,27.03,16.84,1818.0,37.0,0.0,0.0,1.0,13.0,0.0,0.0,0.0,2.0,69.0,1.0,15.0,21.8,6.0,194.0
Yb,43.7396719385591,173.054,1469.0,3.0,187.0,6570.0,20.9,50.0,1.26,6.25416,7.66,0.0,0.0,0.155,26.74,7.66,1092.0,39.0,0.0,0.0,0.0,14.0,0.0,0.0,0.0,2.0,70.0,0.0,16.0,20.9,6.0,225.0
Lu,29.5240319080689,174.9668,3675.0,3.0,187.0,9841.0,21.9,50.0,1.27,5.42586,18.65,0.0,0.0022471,0.154,26.86,18.65,1936.0,41.0,9.0,1.0,0.0,14.0,0.0,0.0,0.0,2.0,71.0,9.0,17.0,21.9,6.0,194.0
Hf,22.2687111944408,178.49,4876.0,4.0,175.0,13310.0,16.2,0.0,1.3,6.82507,27.2,0.0,0.0,0.144,25.73,27.2,2506.0,45.0,8.0,2.0,0.0,14.0,0.0,0.0,0.0,2.0,72.0,8.0,18.0,16.2,6.0,194.0
Ta,18.0467295591839,180.94788,5731.0,5.0,170.0,16650.0,13.1,31.0,1.5,7.54957,36.57,0.0,0.0,0.14,25.36,36.57,3290.0,48.0,7.0,3.0,0.0,14.0,0.0,0.0,0.0,2.0,73.0,7.0,19.0,13.1,6.0,229.0
W,15.8587344239951,183.84,5828.0,6.0,162.0,19250.0,11.1,78.6,2.36,7.86403,52.31,0.0,0.0,0.132,24.27,52.31,3695.0,51.0,6.0,4.0,0.0,14.0,0.0,0.0,0.0,2.0,74.0,6.0,20.0,11.1,6.0,229.0
Re,14.7103342296135,186.207,5869.0,7.0,151.0,21020.0,9.7,14.5,1.9,7.83352,34.08,0.0,0.0,0.137,25.48,34.08,3459.0,54.0,5.0,5.0,0.0,14.0,0.0,0.0,0.0,2.0,75.0,5.0,21.0,9.7,6.0,194.0
Os,13.98369766809,190.23,5285.0,8.0,144.0,22590.0,8.5,106.1,2.2,8.43823,57.85,0.0,0.0,0.13,24.7,57.85,3306.0,57.0,4.0,6.0,0.0,14.0,0.0,0.0,0.0,2.0,76.0,4.0,22.0,8.5,6.0,194.0
Ir,14.1485504686127,192.217,4701.0,9.0,141.0,22560.0,7.6,151.0,2.2,8.96702,41.12,0.0,0.0,0.131,25.1,41.12,2739.0,60.0,3.0,7.0,0.0,14.0,0.0,0.0,0.0,2.0,77.0,3.0,23.0,7.6,6.0,225.0
Pt,15.3604635067342,195.084,4098.0,10.0,136.0,21090.0,6.5,205.3,2.28,8.9588,22.175,0.0,0.0,0.133,25.86,22.175,2041.4,63.0,1.0,9.0,0.0,14.0,0.0,0.0,1.0,1.0,78.0,2.0,24.0,6.5,6.0,225.0
Au,16.9470636164805,196.966569,3129.0,11.0,136.0,19300.0,5.8,222.8,2.54,9.22553,12.55,0.0,0.0,0.129,25.418,12.55,1337.33,66.0,0.0,10.0,0.0,14.0,0.0,0.0,1.0,1.0,79.0,1.0,25.0,5.8,6.0,225.0
Hg,24.6117420696302,200.59,629.73,12.0,132.0,13534.0,5.36,0.0,2.0,10.4375,2.295,0.0,0.0,0.14,27.983,2.295,234.32,71.0,0.0,10.0,0.0,14.0,0.0,0.0,0.0,2.0,80.0,0.0,26.0,5.36,6.0,166.0
Tl,28.6408765609082,204.3833,1746.0,13.0,145.0,11850.0,7.55,19.2,1.62,6.108194,4.142,0.0,0.0,0.129,26.32,4.142,577.0,76.0,0.0,10.0,0.0,14.0,5.0,1.0,0.0,2.0,81.0,5.0,27.0,7.55,6.0,194.0
Pb,30.3414230127393,207.2,2022.0,14.0,146.0,11340.0,6.995,35.1,2.33,7.41663,4.774,0.0,0.0,0.13,24.7,4.774,600.61,81.0,0.0,10.0,0.0,14.0,4.0,2.0,0.0,2.0,82.0,4.0,28.0,6.995,6.0,225.0
Bi,35.4834590822064,208.9804,1837.0,15.0,148.0,9780.0,0.4,91.2,2.02,7.2855,11.106,0.0,0.0,0.122,25.52,11.106,544.4,86.0,0.0,10.0,0.0,14.0,3.0,3.0,0.0,2.0,83.0,3.0,29.0,0.4,6.0,12.0
Po,37.740406388696,209.0,1235.0,16.0,140.0,9196.0,6.8,183.3,2.0,8.414,10.0,0.0,0.0,0.0,0.0,10.0,527.0,91.0,0.0,10.0,0.0,14.0,2.0,4.0,0.0,2.0,84.0,2.0,30.0,6.8,6.0,221.0
At,0.0,210.0,0.0,17.0,150.0,0.0,6.0,270.1,2.2,0.0,0.0,0.0,0.0,0.0,0.0,0.0,575.0,97.0,0.0,10.0,0.0,14.0,1.0,5.0,0.0,2.0,85.0,1.0,31.0,6.0,6.0,0.0
Rn,37887.7995482819,222.0,211.3,18.0,150.0,9.73,5.3,0.0,0.0,10.7485,0.0,0.0,0.0,0.094,20.786,0.0,202.0,103.0,0.0,10.0,0.0,14.0,0.0,6.0,0.0,2.0,86.0,0.0,32.0,5.3,6.0,0.0
Fr,0.0,223.0,0.0,1.0,260.0,0.0,47.85,0.0,0.7,4.072741,0.0,0.0,0.0,0.0,0.0,0.0,0.0,6.0,0.0,0.0,0.0,0.0,0.0,0.0,1.0,1.0,87.0,1.0,1.0,47.85,7.0,0.0
Ra,75.0581202258386,226.0,2010.0,2.0,221.0,5000.0,38.3,0.0,0.9,5.278423,7.7,0.0,0.0,0.0,0.0,7.7,973.0,10.0,0.0,0.0,0.0,0.0,0.0,0.0,0.0,2.0,88.0,0.0,2.0,38.3,7.0,229.0
Ac,37.4330862969509,227.0,3473.0,3.0,215.0,10070.0,32.1,0.0,1.1,5.17,12.0,0.0,0.0,0.12,27.2,12.0,1323.0,14.0,9.0,1.0,0.0,0.0,0.0,0.0,0.0,2.0,89.0,9.0,3.0,32.1,7.0,225.0
Th,32.86568321477,232.03806,5093.0,3.0,206.0,11724.0,32.1,0.0,1.3,6.3067,13.81,0.0,0.0,0.118,27.32,13.81,2023.0,16.0,8.0,2.0,0.0,0.0,0.0,0.0,0.0,2.0,90.0,8.0,4.0,32.1,7.0,225.0
Pa,24.9611606283359,231.03586,4273.0,3.0,200.0,15370.0,25.4,0.0,1.5,5.89,12.34,0.0,0.0,0.0,0.0,12.34,1845.0,18.0,9.0,1.0,12.0,2.0,0.0,0.0,0.0,2.0,91.0,21.0,5.0,25.4,7.0,139.0
U,20.7488474020455,238.02891,4200.0,3.0,196.0,19050.0,24.9,0.0,1.38,6.1941,9.14,0.0,0.0,0.116,27.665,9.14,1408.0,20.0,9.0,1.0,11.0,3.0,0.0,0.0,0.0,2.0,92.0,20.0,6.0,24.9,7.0,63.0
Np,19.2448390132676,237.0,4273.0,3.0,190.0,20450.0,24.8,0.0,1.36,6.2657,3.2,0.0,0.0,0.0,0.0,3.2,917.0,22.0,9.0,1.0,10.0,4.0,0.0,0.0,0.0,2.0,93.0,19.0,7.0,24.8,7.0,62.0
Pu,20.4471640587929,244.0,3503.0,3.0,187.0,19816.0,24.5,0.0,1.28,6.026,2.824,0.0,0.3180036375,0.0,0.0,2.824,913.0,24.0,0.0,0.0,8.0,6.0,0.0,0.0,0.0,2.0,94.0,8.0,8.0,24.5,7.0,11.0
Am,29.5186850847065,243.0,2284.0,3.0,180.0,13670.0,23.3,0.0,1.3,5.9738,14.39,0.0,0.3180036375,0.0,0.0,14.39,1449.0,26.0,0.0,0.0,7.0,7.0,0.0,0.0,0.0,2.0,95.0,7.0,9.0,23.3,7.0,194.0
Cm,30.3599360941782,247.0,3383.0,3.0,169.0,13510.0,23.0,0.0,1.3,5.9914,14.64,0.0,0.3180036375,0.0,0.0,14.64,1618.0,28.0,9.0,1.0,7.0,7.0,0.0,0.0,0.0,2.0,96.0,16.0,10.0,23.0,7.0,194.0
Bk,27.751200042784,247.0,0.0,3.0,0.0,14780.0,22.7,0.0,1.3,6.1979,0.0,0.0,0.3180036375,0.0,0.0,0.0,1323.0,30.0,0.0,0.0,5.0,9.0,0.0,0.0,0.0,2.0,97.0,5.0,11.0,22.7,7.0,194.0
Cf,27.6029833216396,251.0,0.0,3.0,0.0,15100.0,20.5,0.0,1.3,6.2817,0.0,0.0,0.3180036375,0.0,0.0,0.0,1173.0,32.0,0.0,0.0,4.0,10.0,0.0,0.0,0.0,2.0,98.0,4.0,12.0,20.5,7.0,194.0
Es,0.0,252.0,0.0,3.0,0.0,0.0,19.7,0.0,1.3,6.42,9.41,0.0,0.3180036375,0.0,0.0,9.41,1133.0,34.0,0.0,0.0,3.0,11.0,0.0,0.0,0.0,2.0,99.0,3.0,13.0,19.7,7.0,0.0
Fm,0.0,257.0,0.0,3.0,0.0,0.0,23.8,0.0,1.3,6.5,0.0,0.0,0.3180036375,0.0,0.0,0.0,1800.0,36.0,0.0,0.0,2.0,12.0,0.0,0.0,0.0,2.0,100.0,2.0,14.0,23.8,7.0,0.0
Md,0.0,258.0,0.0,3.0,0.0,0.0,18.2,0.0,1.3,6.58,0.0,0.0,0.3180036375,0.0,0.0,0.0,1100.0,38.0,0.0,0.0,1.0,13.0,0.0,0.0,0.0,2.0,101.0,1.0,15.0,18.2,7.0,0.0
No,0.0,259.0,0.0,3.0,0.0,0.0,16.4,0.0,1.3,6.65,0.0,0.0,0.3180036375,0.0,0.0,0.0,1100.0,40.0,0.0,0.0,0.0,14.0,0.0,0.0,0.0,2.0,102.0,0.0,16.0,16.4,7.0,0.0
Lr,0.0,262.0,0.0,3.0,0.0,0.0,0.0,0.0,0.0,4.9,0.0,0.0,0.3180036375,0.0,0.0,0.0,1900.0,42.0,0.0,0.0,0.0,14.0,5.0,1.0,0.0,2.0,103.0,5.0,17.0,0.0,7.0,0.0
Rf,0.0,265.0,0.0,4.0,0.0,0.0,0.0,0.0,0.0,6.0,0.0,0.0,0.3180036375,0.0,0.0,0.0,0.0,0.0,8.0,2.0,0.0,14.0,0.0,0.0,0.0,2.0,104.0,8.0,18.0,0.0,7.0,0.0
Db,0.0,268.0,0.0,5.0,0.0,0.0,0.0,0.0,0.0,0.0,0.0,0.0,0.3180036375,0.0,0.0,0.0,0.0,0.0,7.0,3.0,0.0,14.0,0.0,0.0,0.0,2.0,105.0,7.0,19.0,0.0,7.0,0.0
Sg,0.0,271.0,0.0,6.0,0.0,0.0,0.0,0.0,0.0,0.0,0.0,0.0,0.3180036375,0.0,0.0,0.0,0.0,0.0,6.0,4.0,0.0,14.0,0.0,0.0,0.0,2.0,106.0,6.0,20.0,0.0,7.0,0.0
Bh,0.0,272.0,0.0,7.0,0.0,0.0,0.0,0.0,0.0,0.0,0.0,0.0,0.3180036375,0.0,0.0,0.0,0.0,0.0,5.0,5.0,0.0,14.0,0.0,0.0,0.0,2.0,107.0,5.0,21.0,0.0,7.0,0.0
Hs,0.0,270.0,0.0,8.0,0.0,0.0,0.0,0.0,0.0,0.0,0.0,0.0,0.3180036375,0.0,0.0,0.0,0.0,0.0,4.0,6.0,0.0,14.0,0.0,0.0,0.0,2.0,108.0,4.0,22.0,0.0,7.0,0.0
Mt,0.0,276.0,0.0,9.0,0.0,0.0,0.0,0.0,0.0,0.0,0.0,0.0,0.3180036375,0.0,0.0,0.0,0.0,0.0,3.0,7.0,0.0,14.0,0.0,0.0,0.0,2.0,109.0,3.0,23.0,0.0,7.0,0.0
Ds,0.0,281.0,0.0,10.0,0.0,0.0,0.0,0.0,0.0,0.0,0.0,0.0,0.3180036375,0.0,0.0,0.0,0.0,0.0,1.0,9.0,0.0,14.0,0.0,0.0,1.0,1.0,110.0,2.0,24.0,0.0,7.0,0.0
Rg,0.0,280.0,0.0,11.0,0.0,0.0,4.06,0.0,0.0,0.0,0.0,0.0,0.3180036375,0.0,0.0,0.0,0.0,0.0,0.0,10.0,0.0,14.0,0.0,0.0,1.0,1.0,111.0,1.0,25.0,4.06,7.0,0.0
Cn,0.0,285.0,0.0,12.0,0.0,0.0,0.0,0.0,0.0,0.0,0.0,0.0,0.3180036375,0.0,0.0,0.0,0.0,0.0,0.0,10.0,0.0,14.0,0.0,0.0,0.0,2.0,112.0,0.0,26.0,0.0,7.0,0.0
